{
  "hash": "ab5e91451a5ec9ecfd9d2732eba3ab95",
  "result": {
    "engine": "knitr",
    "markdown": "---\ntitle: try2\nauthors:\n  - name: _ _\n    affiliation: _ _\n    roles: writing\n    corresponding: true\nbibliography: references.bib\n---\n\n\n\n\n\n\n## Section\n\nThis is a simple placeholder for the manuscript's main document [@knuth84]. How about now\n\n\n\n\n\n\n::: {.cell}\n\n```{.r .cell-code .hidden}\n1 + 1\n```\n\n::: {.cell-output .cell-output-stdout}\n\n```\n[1] 2\n```\n\n\n:::\n:::\n",
    "supporting": [],
    "filters": [
      "rmarkdown/pagebreak.lua"
    ],
    "includes": {},
    "engineDependencies": {},
    "preserve": null,
    "postProcess": false
  }
}