<?xml version="1.0" encoding="utf-8"?>
<!DOCTYPE article PUBLIC "-//NLM//DTD JATS (Z39.96) Journal Archiving
and Interchange DTD v1.2 20190208//EN" "JATS-archivearticle1.dtd">
<article xmlns:mml="http://www.w3.org/1998/Math/MathML" xmlns:xlink="http://www.w3.org/1999/xlink" dtd-version="1.2" article-type="other">
  <front>
    <article-meta>
      <title-group>
        <article-title>Regional growth, convergence, and spatial spillovers in
India: A view from outer space</article-title>
      </title-group>
      <contrib-group>
        <contrib contrib-type="author" corresp="yes">
          <name>
            <surname>_</surname>
            <given-names/>
          </name>
          <string-name>_ _</string-name>
          <role vocab="https://credit.niso.org" vocab-term="writing – original draft" vocab-term-identifier="https://credit.niso.org/contributor-roles/writing-original-draft/">writing</role>
          <xref ref-type="aff" rid="aff-1">a</xref>
          <xref ref-type="corresp" rid="cor-1">*</xref>
        </contrib>
      </contrib-group>
      <aff id="aff-1">
        <institution-wrap>
          <institution>_ _</institution>
        </institution-wrap>
      </aff>
      <author-notes>
        <corresp id="cor-1"/>
      </author-notes>
      <history/>
      <abstract>
        <p>Using satellite nighttime light data as proxy for economic activity,
Chanda and Kabiraj (2020, World Development) studied regional growth and
convergence across 520 districts in India. This article builds on their
work by confirming and extending their main findings in three fronts.
First, we illustrate regional convergence patterns using an interactive
web-based tool for satellite image visualization. Second, we assess the
degree of spatial dependence in their main econometric specification.
Third, we employ a spatial Durbin model to measure the role of spatial
spillovers in the convergence process. Our results indicate that spatial
spillovers significantly increase the speed of regional convergence.
Overall, the results emphasize the role of spatial dependence in
regional convergence through the lens of satellite imagery, interactive
visualizations, and spillover modeling.</p>
      </abstract>
      <kwd-group kwd-group-type="author">
        <kwd>Regional luminosity</kwd>
        <kwd>Satellite nighttime lights</kwd>
        <kwd>Regional convergence</kwd>
        <kwd>Spatial spillovers</kwd>
        <kwd>Spatial Durbin model</kwd>
        <kwd>India</kwd>
      </kwd-group>
    </article-meta>
  </front>
  <body>
    <sec id="introduction">
      <title>Introduction</title>
      <p>Regional economic growth and convergence are key concerns in
  developing countries, particularly in large federal states like India
  where spatial inequalities can threaten social cohesion and political
  stability. However, studying regional convergence patterns in
  developing countries has been historically challenging due to limited
  availability of consistent economic data at subnational administrative
  levels. The emergence of satellite nighttime light data as a proxy for
  economic activity has created new opportunities to analyze regional
  growth dynamics at granular geographic scales.</p>
      <p>In an important contribution, Chanda and Kabiraj
  (<xref alt="2020" rid="ref-chanda2020" ref-type="bibr">2020</xref>)
  leveraged nighttime light data to document evidence of regional
  convergence across 520 districts in India between 1996 and 2010. Their
  analysis showed that poorer districts grew faster than richer ones
  during this period, suggesting a gradual reduction in spatial
  inequalities. However, their econometric approach did not account for
  potential spatial spillovers in the convergence process—the
  possibility that a district’s growth trajectory might be influenced
  not only by its own initial conditions but also by those of its
  neighbors.</p>
      <p>In this context, this paper confirms and extends the study of
  Chanda and Kabiraj
  (<xref alt="2020" rid="ref-chanda2020" ref-type="bibr">2020</xref>) in
  three key methodological directions. First, we develop an interactive
  web-based visualization tool that allows researchers to dynamically
  explore spatial and temporal patterns in the nighttime light data.
  This tool facilitates the identification of converging regions and
  growth hotspots that may be difficult to detect in static
  representations. Second, we formally test for spatial dependence in
  both the dependent and independent variables of the convergence
  equations, highlighting that spatial autocorrelation is an inherent
  feature of satellite data and the regional convergence process. Third,
  we employ a spatial Durbin model that explicitly accounts for spatial
  spillovers, quantifying how neighborhood effects influence the speed
  of regional convergence.</p>
      <p>Our results yield three main findings that advance our
  understanding of regional convergence in India. First, interactive
  visualization tools reveal clear spatial patterns in both the initial
  distribution and subsequent growth of nighttime lights. Second, formal
  tests of spatial dependence indicate that district-level economic
  trajectories are not independent of their neighbors. Third, accounting
  for spatial spillovers through the spatial Durbin model shows that the
  total convergence effect is substantially larger than previous
  non-spatial estimates would suggest. Specifically, spatial spillovers
  appear to accelerate the convergence process by creating additional
  channels through which lagging regions can catch up.</p>
      <p>These findings have important implications for both research
  methodology and policy design. Methodologically, they demonstrate that
  conventional non-spatial approaches may significantly underestimate
  the speed of regional convergence by failing to account for
  inter-district spillovers. From a policy perspective, they suggest
  that the benefits of place-based development interventions may extend
  beyond target districts through spatial multiplier effects,
  potentially increasing their cost-effectiveness. The results also
  highlight the value of new data sources and methodological tools in
  advancing our understanding of regional economic dynamics in
  developing countries.</p>
      <p>The rest of this article is organized as follows. Section 2
  provides an overview of the data and methods, describing our use of
  nighttime light data as a proxy for economic activity and introducing
  the spatial Durbin model that forms the basis of our empirical
  strategy. We also detail our methodological extensions related to
  interactive visualizations, spatial dependence testing, and spillover
  modeling. Section 3 presents our empirical results, beginning with an
  interactive exploration of regional convergence patterns, followed by
  formal tests of spatial dependence, and concluding with estimates of
  direct and indirect convergence effects from the spatial Durbin model.
  Finally, Section 4 offers some concluding remarks.</p>
    </sec>
    <sec id="data-model-specification-and-extensions">
      <title>Data, model specification, and extensions</title>
      <sec id="data-nightlights-as-a-proxy-for-economic-activity">
        <title>Data: Nightlights as a proxy for economic activity</title>
        <p>One of the key challenges in studying economic growth in
    developing countries like India is the limited availability and
    reliability of data on aggregate economic activity at finer
    administrative levels beyond the state level. To address this issue,
    a growing body of literature, pioneered by Henderson, Storeygard,
    and Weil
    (<xref alt="2012" rid="ref-henderson2012" ref-type="bibr">2012</xref>),
    has utilized satellite nighttime light data as a proxy for economic
    activity at sub-national levels.</p>
        <p>Nightlight data has been widely used to investigate economic
    growth and convergence across national and sub-national regions in
    various countries. For instance, Adhikari and Dhital
    (<xref alt="2021" rid="ref-adhikari.dhitalEI2021" ref-type="bibr">2021</xref>)
    examine the impact of decentralization on regional convergence using
    nightlight data, while Pinkovskiy and Sala-i-Martin
    (<xref alt="2016" rid="ref-pinkovskiy2016newer" ref-type="bibr">2016</xref>)
    argue that nightlight data better captures aggregate economic
    activity compared to household surveys. Similarly, Lessmann and
    Seidel
    (<xref alt="2017" rid="ref-lessmann2017" ref-type="bibr">2017</xref>)
    leverage nightlight data to estimate GDP per capita and income
    inequality globally, and Gennaioli et al.
    (<xref alt="2014" rid="ref-gennaioli2014growth" ref-type="bibr">2014</xref>)
    study regional convergence through the lens of light data.</p>
        <p>Nightlight data has been widely utilized in India across various
    contexts. For example, Asher and Novosad
    (<xref alt="2016" rid="ref-asher2016market" ref-type="bibr">2016</xref>)
    and Cook and Shah
    (<xref alt="2022" rid="ref-cook.shahTRoEaS2022" ref-type="bibr">2022</xref>)
    use nightlight data to analyze the impact of road infrastructure and
    public welfare programs, respectively. Similarly, Jha and Talathi
    (<xref alt="2023" rid="ref-jha.talathiEDaCC2023" ref-type="bibr">2023</xref>)
    examine the effects of colonization, while Chanda and Cook
    (<xref alt="2022" rid="ref-chanda.cookJoM2022" ref-type="bibr">2022</xref>)
    investigate the impact of demonetization using nightlight data.
    Beyer, Franco-Bedoya, and Galdo
    (<xref alt="2021" rid="ref-beyer.etalWD2021" ref-type="bibr">2021</xref>)
    employ it to study the effects of COVID-19. In the context of
    convergence studies, Chakravarty and Dehejia
    (<xref alt="2017" rid="ref-chakravarty2017will" ref-type="bibr">2017</xref>)
    finds state-level divergence in India using nightlight data, while
    (<xref alt="Chanda and Kabiraj 2020" rid="ref-chanda2020" ref-type="bibr">Chanda
    and Kabiraj 2020</xref>) highlights district-level convergence using
    the same.</p>
        <p>Our study draws inspiration from
    (<xref alt="Chanda and Kabiraj 2020" rid="ref-chanda2020" ref-type="bibr">Chanda
    and Kabiraj 2020</xref>). Following their approach, we use the per
    capita growth in nightlights as the dependent variable and the
    initial nightlights per capita as the primary variable of interest.
    These variables are derived from nightlight data released by the
    National Geophysical Data Center (NGDC), based on observations from
    the DMSP/OLS satellites spanning the period from 1996 to 2010. To
    mitigate the issue of top-coding in light data, the NGDC released
    “radiance-calibrated” nighttime lights for eight specific years
    within this period. This dataset employs high magnification settings
    for low-light regions and low magnification settings for brightly
    lit areas. For this study, we utilize the “radiance-calibrated”
    nighttime lights data.<xref ref-type="fn" rid="fn1">1</xref></p>
      </sec>
      <sec id="modeling-regional-convergence">
        <title>Modeling regional convergence</title>
        <p>In neoclassical growth models, such as the Solow model, it is
    argued that the per capita growth rate should be negatively
    correlated with a region’s initial endowment primarily due to
    diminishing returns to capital. Specifically, poorer regions,
    assuming similar technology and preferences, are expected to
    experience higher growth rates compared to their wealthier
    counterparts. Consequently, over the long run, regions with similar
    characteristics should converge to a common steady state. We would
    like to explore such convergence (denoted by
    <bold>β-convergence</bold>) employing a Barro-style growth
    regressions framework. Equation (1) analyzes absolute
    convergence.</p>
        <p>
          <styled-content id="eq-matrix-form-abs">
            <disp-formula>
              <alternatives>
                <tex-math><![CDATA[
    \boldsymbol{g_t} =  \beta_1 \boldsymbol{x_{t-1}} +  \boldsymbol{\varepsilon_t}
     \qquad(1)]]></tex-math>
                <mml:math xmlns:mml="http://www.w3.org/1998/Math/MathML" display="block">
                  <mml:mrow>
                    <mml:msub>
                      <mml:mi>𝐠</mml:mi>
                      <mml:mi>𝐭</mml:mi>
                    </mml:msub>
                    <mml:mo>=</mml:mo>
                    <mml:msub>
                      <mml:mi>β</mml:mi>
                      <mml:mn>1</mml:mn>
                    </mml:msub>
                    <mml:msub>
                      <mml:mi>𝐱</mml:mi>
                      <mml:mrow>
                        <mml:mi>𝐭</mml:mi>
                        <mml:mo mathvariant="bold">−</mml:mo>
                        <mml:mn>𝟏</mml:mn>
                      </mml:mrow>
                    </mml:msub>
                    <mml:mo>+</mml:mo>
                    <mml:msub>
                      <mml:mi>𝛆</mml:mi>
                      <mml:mi>𝐭</mml:mi>
                    </mml:msub>
                    <mml:mspace width="2.0em"/>
                    <mml:mrow>
                      <mml:mo stretchy="true" form="prefix">(</mml:mo>
                      <mml:mn>1</mml:mn>
                      <mml:mo stretchy="true" form="postfix">)</mml:mo>
                    </mml:mrow>
                  </mml:mrow>
                </mml:math>
              </alternatives>
            </disp-formula>
          </styled-content>
        </p>
        <p>where <inline-formula><alternatives><tex-math><![CDATA[\boldsymbol{g_t}]]></tex-math><mml:math xmlns:mml="http://www.w3.org/1998/Math/MathML" display="inline"><mml:msub><mml:mi>𝐠</mml:mi><mml:mi>𝐭</mml:mi></mml:msub></mml:math></alternatives></inline-formula>
    represents an <inline-formula><alternatives><tex-math><![CDATA[N\text{-by-}1]]></tex-math><mml:math xmlns:mml="http://www.w3.org/1998/Math/MathML" display="inline"><mml:mrow><mml:mi>N</mml:mi><mml:mtext mathvariant="normal">-by-</mml:mtext><mml:mn>1</mml:mn></mml:mrow></mml:math></alternatives></inline-formula>
    vector of observations on NTL growth for each of the
    <inline-formula><alternatives><tex-math><![CDATA[N]]></tex-math><mml:math xmlns:mml="http://www.w3.org/1998/Math/MathML" display="inline"><mml:mi>N</mml:mi></mml:math></alternatives></inline-formula>
    regions over the period <inline-formula><alternatives><tex-math><![CDATA[t]]></tex-math><mml:math xmlns:mml="http://www.w3.org/1998/Math/MathML" display="inline"><mml:mi>t</mml:mi></mml:math></alternatives></inline-formula>
    and <inline-formula><alternatives><tex-math><![CDATA[\boldsymbol{x_{t-1}}]]></tex-math><mml:math xmlns:mml="http://www.w3.org/1998/Math/MathML" display="inline"><mml:msub><mml:mi>𝐱</mml:mi><mml:mrow><mml:mi>𝐭</mml:mi><mml:mo mathvariant="bold">−</mml:mo><mml:mn>𝟏</mml:mn></mml:mrow></mml:msub></mml:math></alternatives></inline-formula>
    represents an <inline-formula><alternatives><tex-math><![CDATA[N\text{-by-}1]]></tex-math><mml:math xmlns:mml="http://www.w3.org/1998/Math/MathML" display="inline"><mml:mrow><mml:mi>N</mml:mi><mml:mtext mathvariant="normal">-by-</mml:mtext><mml:mn>1</mml:mn></mml:mrow></mml:math></alternatives></inline-formula>
    vector of observations on the initial (log) level of NTL. The scalar
    <inline-formula><alternatives><tex-math><![CDATA[\beta_1]]></tex-math><mml:math xmlns:mml="http://www.w3.org/1998/Math/MathML" display="inline"><mml:msub><mml:mi>β</mml:mi><mml:mn>1</mml:mn></mml:msub></mml:math></alternatives></inline-formula>
    is a regression coefficient that indicates the direction and
    strength of regional convergence. Finally,
    <inline-formula><alternatives><tex-math><![CDATA[\boldsymbol{\varepsilon_t}]]></tex-math><mml:math xmlns:mml="http://www.w3.org/1998/Math/MathML" display="inline"><mml:msub><mml:mi>𝛆</mml:mi><mml:mi>𝐭</mml:mi></mml:msub></mml:math></alternatives></inline-formula>
    represents a vector of idiosyncratic error terms.</p>
        <p>While absolute convergence implies that districts converge to a
    common steady state, regions may differ in various aspects such as
    geography, socio-economic conditions, and policy implementation. To
    account for these differences, we include state dummies in our
    analysis to examine whether heterogeneity in state-specific
    institutions and policies influences the rate of convergence.
    Additionally, we control for the initial share of unlit pixels in
    districts to address any potential under-coding in nightlights
    data.</p>
        <p>To further explore the determinants of district-level growth
    rates, we incorporate a range of geo-climatic controls alongside
    initial district-specific conditions related to demographics, human
    capital, and infrastructure.
    <xref alt="Equation 1" rid="eq-matrix-form-abs">Equation 1</xref>
    explores conditional convergence.</p>
        <p>
          <styled-content id="eq-matrix-form-cond">
            <disp-formula>
              <alternatives>
                <tex-math><![CDATA[
    \boldsymbol{g_t} =  \beta_1 \boldsymbol{x_{t-1}} + \boldsymbol{X_t} \boldsymbol{\alpha}  + \boldsymbol{\varepsilon_t}
     \qquad(2)]]></tex-math>
                <mml:math xmlns:mml="http://www.w3.org/1998/Math/MathML" display="block">
                  <mml:mrow>
                    <mml:msub>
                      <mml:mi>𝐠</mml:mi>
                      <mml:mi>𝐭</mml:mi>
                    </mml:msub>
                    <mml:mo>=</mml:mo>
                    <mml:msub>
                      <mml:mi>β</mml:mi>
                      <mml:mn>1</mml:mn>
                    </mml:msub>
                    <mml:msub>
                      <mml:mi>𝐱</mml:mi>
                      <mml:mrow>
                        <mml:mi>𝐭</mml:mi>
                        <mml:mo mathvariant="bold">−</mml:mo>
                        <mml:mn>𝟏</mml:mn>
                      </mml:mrow>
                    </mml:msub>
                    <mml:mo>+</mml:mo>
                    <mml:msub>
                      <mml:mi>𝐗</mml:mi>
                      <mml:mi>𝐭</mml:mi>
                    </mml:msub>
                    <mml:mi>𝛂</mml:mi>
                    <mml:mo>+</mml:mo>
                    <mml:msub>
                      <mml:mi>𝛆</mml:mi>
                      <mml:mi>𝐭</mml:mi>
                    </mml:msub>
                    <mml:mspace width="2.0em"/>
                    <mml:mrow>
                      <mml:mo stretchy="true" form="prefix">(</mml:mo>
                      <mml:mn>2</mml:mn>
                      <mml:mo stretchy="true" form="postfix">)</mml:mo>
                    </mml:mrow>
                  </mml:mrow>
                </mml:math>
              </alternatives>
            </disp-formula>
          </styled-content>
        </p>
        <p>Here, the matrix <inline-formula><alternatives><tex-math><![CDATA[\boldsymbol{X_t}]]></tex-math><mml:math xmlns:mml="http://www.w3.org/1998/Math/MathML" display="inline"><mml:msub><mml:mi>𝐗</mml:mi><mml:mi>𝐭</mml:mi></mml:msub></mml:math></alternatives></inline-formula>
    is a <inline-formula><alternatives><tex-math><![CDATA[N\text{-by-}k]]></tex-math><mml:math xmlns:mml="http://www.w3.org/1998/Math/MathML" display="inline"><mml:mrow><mml:mi>N</mml:mi><mml:mtext mathvariant="normal">-by-</mml:mtext><mml:mi>k</mml:mi></mml:mrow></mml:math></alternatives></inline-formula>
    collection of observations on control variables for each region. The
    vector <inline-formula><alternatives><tex-math><![CDATA[\boldsymbol{\alpha}]]></tex-math><mml:math xmlns:mml="http://www.w3.org/1998/Math/MathML" display="inline"><mml:mi>𝛂</mml:mi></mml:math></alternatives></inline-formula>,
    with dimensions <inline-formula><alternatives><tex-math><![CDATA[k \times 1]]></tex-math><mml:math xmlns:mml="http://www.w3.org/1998/Math/MathML" display="inline"><mml:mrow><mml:mi>k</mml:mi><mml:mo>×</mml:mo><mml:mn>1</mml:mn></mml:mrow></mml:math></alternatives></inline-formula>,
    captures the regression coefficients for these variables. The
    control variables are listed in Table A.1 in Chanda and Kabiraj
    (<xref alt="2020" rid="ref-chanda2020" ref-type="bibr">2020</xref>).</p>
      </sec>
      <sec id="extensions-interactive-visualizations-spatial-dependence-testing-and-spillover-modeling">
        <title>Extensions: Interactive visualizations, spatial dependence
    testing, and spillover modeling</title>
        <sec id="interactive-spatial-visualizations">
          <title>Interactive spatial visualizations</title>
          <p>Interactive visualizations of nighttime lights imagery offer
      distinct methodological advantages over static representations,
      particularly when analyzing temporal and spatial heterogeneity in
      economic activity. The dynamic nature of these visualizations
      enables researchers to simultaneously examine multiple dimensions
      of the data, including temporal variations in light intensity, the
      spatial distribution of economic activity, and the relationship
      between nighttime lights and other georeferenced variables. This
      interactivity is especially valuable when investigating economic
      phenomena that exhibit significant spatial and temporal variation,
      such as urbanization patterns, economic shocks, or regional
      development disparities. The ability to dynamically adjust
      visualization parameters, such as temporal ranges, spatial scales,
      and light intensity thresholds, allows for more nuanced
      exploration of economic patterns that might be obscured in static
      representations.</p>
          <p>Google Earth Engine (GEE) substantially reduces the
      computational and technical barriers to creating such interactive
      visualizations, offering a particularly advantageous platform for
      economic research utilizing nighttime lights data. The platform’s
      browser-based integrated development environment facilitates the
      creation of interactive web applications without requiring
      extensive infrastructure or specialized software installation.
      This capability is especially valuable for reproducible research,
      as it enables the development of web applications that can be
      shared with other researchers or stakeholders, allowing them to
      interact with the data and verify findings independently. The
      platform’s ability to handle large-scale geospatial computations
      server-side, combined with its extensive catalog of pre-processed
      nighttime lights datasets, including the DMSP-OLS and VIIRS
      collections, significantly streamlines the workflow from raw data
      to interactive visualization. This computational efficiency is
      particularly beneficial when analyzing long time series or large
      geographic areas, which would be computationally intensive using
      traditional desktop-based approaches.</p>
          <p>Interactive visualizations of nighttime lights data are
      particularly instrumental in identifying and analyzing patterns of
      regional convergence in luminosity, providing visual insights into
      economic convergence processes. Through dynamic visualization
      tools, researchers can track the evolution of light intensity
      across regions over time, effectively identifying areas that
      exhibit catch-up growth patterns - where initially dim regions
      progressively converge toward the luminosity levels of their
      brighter counterparts.</p>
        </sec>
        <sec id="spatial-dependence-testing">
          <title>Spatial dependence testing</title>
          <p>The analysis of regional convergence using nighttime light data
      requires explicit consideration of spatial dependence patterns
      across Indian districts. To formally test and account for such
      spatial relationships, we employ the global Moran’s I test and
      applied to the main variables of the convergence
      <xref alt="Equation 2" rid="eq-matrix-form-cond">Equation 2</xref>
      . The Moran’s I test quantifies the degree of spatial
      autocorrelation among geographic units and can be expressed
      as:</p>
          <p><disp-formula><alternatives><tex-math><![CDATA[
      I=\frac{\sum_i \Sigma_j w_{i j} z_i \cdot z_j /\sum_i \Sigma_j w_{i j}}{\Sigma_i z_i^2 / n}
      ]]></tex-math><mml:math xmlns:mml="http://www.w3.org/1998/Math/MathML" display="block"><mml:mrow><mml:mi>I</mml:mi><mml:mo>=</mml:mo><mml:mfrac><mml:mrow><mml:munder><mml:mo>∑</mml:mo><mml:mi>i</mml:mi></mml:munder><mml:msub><mml:mi>Σ</mml:mi><mml:mi>j</mml:mi></mml:msub><mml:msub><mml:mi>w</mml:mi><mml:mrow><mml:mi>i</mml:mi><mml:mi>j</mml:mi></mml:mrow></mml:msub><mml:msub><mml:mi>z</mml:mi><mml:mi>i</mml:mi></mml:msub><mml:mo>⋅</mml:mo><mml:msub><mml:mi>z</mml:mi><mml:mi>j</mml:mi></mml:msub><mml:mi>/</mml:mi><mml:munder><mml:mo>∑</mml:mo><mml:mi>i</mml:mi></mml:munder><mml:msub><mml:mi>Σ</mml:mi><mml:mi>j</mml:mi></mml:msub><mml:msub><mml:mi>w</mml:mi><mml:mrow><mml:mi>i</mml:mi><mml:mi>j</mml:mi></mml:mrow></mml:msub></mml:mrow><mml:mrow><mml:msub><mml:mi>Σ</mml:mi><mml:mi>i</mml:mi></mml:msub><mml:msubsup><mml:mi>z</mml:mi><mml:mi>i</mml:mi><mml:mn>2</mml:mn></mml:msubsup><mml:mi>/</mml:mi><mml:mi>n</mml:mi></mml:mrow></mml:mfrac></mml:mrow></mml:math></alternatives></disp-formula>
      where <inline-formula><alternatives><tex-math><![CDATA[z_i]]></tex-math><mml:math xmlns:mml="http://www.w3.org/1998/Math/MathML" display="inline"><mml:msub><mml:mi>z</mml:mi><mml:mi>i</mml:mi></mml:msub></mml:math></alternatives></inline-formula>
      represents the deviation of observation
      <inline-formula><alternatives><tex-math><![CDATA[i]]></tex-math><mml:math xmlns:mml="http://www.w3.org/1998/Math/MathML" display="inline"><mml:mi>i</mml:mi></mml:math></alternatives></inline-formula>
      from the mean, and <inline-formula><alternatives><tex-math><![CDATA[w_{ij}]]></tex-math><mml:math xmlns:mml="http://www.w3.org/1998/Math/MathML" display="inline"><mml:msub><mml:mi>w</mml:mi><mml:mrow><mml:mi>i</mml:mi><mml:mi>j</mml:mi></mml:mrow></mml:msub></mml:math></alternatives></inline-formula>
      denotes the spatial weight between units
      <inline-formula><alternatives><tex-math><![CDATA[i]]></tex-math><mml:math xmlns:mml="http://www.w3.org/1998/Math/MathML" display="inline"><mml:mi>i</mml:mi></mml:math></alternatives></inline-formula>
      and <inline-formula><alternatives><tex-math><![CDATA[j]]></tex-math><mml:math xmlns:mml="http://www.w3.org/1998/Math/MathML" display="inline"><mml:mi>j</mml:mi></mml:math></alternatives></inline-formula>.
      The Moran statistic can range from -1 to +1, with positive values
      indicating spatial clustering and negative values suggesting
      spatial dispersion.</p>
          <p>The specification of the spatial weights matrix
      <inline-formula><alternatives><tex-math><![CDATA[\mathbf{W}]]></tex-math><mml:math xmlns:mml="http://www.w3.org/1998/Math/MathML" display="inline"><mml:mi>𝐖</mml:mi></mml:math></alternatives></inline-formula>
      is crucial for capturing the underlying spatial structure. We
      primarily employ a Queen contiguity matrix defined as:</p>
          <p><disp-formula><alternatives><tex-math><![CDATA[
      \mathbf{W}=\left[\begin{array}{ccccc}
      w_{11} & w_{12} & w_{13} & \cdots & w_{1 \mathrm{n}} \\
      w_{21} & w_{22} & w_{23} & \cdots & w_{2 \mathrm{n}} \\
      \vdots & \vdots & \vdots & w_{\mathrm{ij}} & \vdots \\
      w_{\mathrm{n} 1} & w_{\mathrm{n} 2} & w_{\mathrm{n} 3} & \cdots & w_{\mathrm{nn}}
      \end{array}\right]
      ]]></tex-math><mml:math xmlns:mml="http://www.w3.org/1998/Math/MathML" display="block"><mml:mrow><mml:mi>𝐖</mml:mi><mml:mo>=</mml:mo><mml:mrow><mml:mo stretchy="true" form="prefix">[</mml:mo><mml:mtable><mml:mtr><mml:mtd columnalign="center" style="text-align: center"><mml:msub><mml:mi>w</mml:mi><mml:mn>11</mml:mn></mml:msub></mml:mtd><mml:mtd columnalign="center" style="text-align: center"><mml:msub><mml:mi>w</mml:mi><mml:mn>12</mml:mn></mml:msub></mml:mtd><mml:mtd columnalign="center" style="text-align: center"><mml:msub><mml:mi>w</mml:mi><mml:mn>13</mml:mn></mml:msub></mml:mtd><mml:mtd columnalign="center" style="text-align: center"><mml:mi>⋯</mml:mi></mml:mtd><mml:mtd columnalign="center" style="text-align: center"><mml:msub><mml:mi>w</mml:mi><mml:mrow><mml:mn>1</mml:mn><mml:mi mathvariant="normal">n</mml:mi></mml:mrow></mml:msub></mml:mtd></mml:mtr><mml:mtr><mml:mtd columnalign="center" style="text-align: center"><mml:msub><mml:mi>w</mml:mi><mml:mn>21</mml:mn></mml:msub></mml:mtd><mml:mtd columnalign="center" style="text-align: center"><mml:msub><mml:mi>w</mml:mi><mml:mn>22</mml:mn></mml:msub></mml:mtd><mml:mtd columnalign="center" style="text-align: center"><mml:msub><mml:mi>w</mml:mi><mml:mn>23</mml:mn></mml:msub></mml:mtd><mml:mtd columnalign="center" style="text-align: center"><mml:mi>⋯</mml:mi></mml:mtd><mml:mtd columnalign="center" style="text-align: center"><mml:msub><mml:mi>w</mml:mi><mml:mrow><mml:mn>2</mml:mn><mml:mi mathvariant="normal">n</mml:mi></mml:mrow></mml:msub></mml:mtd></mml:mtr><mml:mtr><mml:mtd columnalign="center" style="text-align: center"><mml:mi>⋮</mml:mi></mml:mtd><mml:mtd columnalign="center" style="text-align: center"><mml:mi>⋮</mml:mi></mml:mtd><mml:mtd columnalign="center" style="text-align: center"><mml:mi>⋮</mml:mi></mml:mtd><mml:mtd columnalign="center" style="text-align: center"><mml:msub><mml:mi>w</mml:mi><mml:mrow><mml:mi mathvariant="normal">i</mml:mi><mml:mi mathvariant="normal">j</mml:mi></mml:mrow></mml:msub></mml:mtd><mml:mtd columnalign="center" style="text-align: center"><mml:mi>⋮</mml:mi></mml:mtd></mml:mtr><mml:mtr><mml:mtd columnalign="center" style="text-align: center"><mml:msub><mml:mi>w</mml:mi><mml:mrow><mml:mi mathvariant="normal">n</mml:mi><mml:mn>1</mml:mn></mml:mrow></mml:msub></mml:mtd><mml:mtd columnalign="center" style="text-align: center"><mml:msub><mml:mi>w</mml:mi><mml:mrow><mml:mi mathvariant="normal">n</mml:mi><mml:mn>2</mml:mn></mml:mrow></mml:msub></mml:mtd><mml:mtd columnalign="center" style="text-align: center"><mml:msub><mml:mi>w</mml:mi><mml:mrow><mml:mi mathvariant="normal">n</mml:mi><mml:mn>3</mml:mn></mml:mrow></mml:msub></mml:mtd><mml:mtd columnalign="center" style="text-align: center"><mml:mi>⋯</mml:mi></mml:mtd><mml:mtd columnalign="center" style="text-align: center"><mml:msub><mml:mi>w</mml:mi><mml:mrow><mml:mi mathvariant="normal">n</mml:mi><mml:mi mathvariant="normal">n</mml:mi></mml:mrow></mml:msub></mml:mtd></mml:mtr></mml:mtable><mml:mo stretchy="true" form="postfix">]</mml:mo></mml:mrow></mml:mrow></mml:math></alternatives></disp-formula>
      where <inline-formula><alternatives><tex-math><![CDATA[w_{ij}=1]]></tex-math><mml:math xmlns:mml="http://www.w3.org/1998/Math/MathML" display="inline"><mml:mrow><mml:msub><mml:mi>w</mml:mi><mml:mrow><mml:mi>i</mml:mi><mml:mi>j</mml:mi></mml:mrow></mml:msub><mml:mo>=</mml:mo><mml:mn>1</mml:mn></mml:mrow></mml:math></alternatives></inline-formula>
      for districts sharing either a border or vertex and 0 otherwise.
      Following standard practice, we row-normalize the weights
      matrix.</p>
          <p>The detection of significant spatial dependence would justify
      the use of spatial econometric techniques. In particular, Ertur
      and Koch
      (<xref alt="2007" rid="ref-ertur2007growth" ref-type="bibr">2007</xref>)
      and Fischer
      (<xref alt="2011" rid="ref-fischer2011spatial" ref-type="bibr">2011</xref>)
      argue that the spatial Durbin model can properly account for
      spatial spillovers in the convergence process. This methodological
      choice allows us to distinguish between direct effects of district
      characteristics and indirect effects operating through spatial
      channels.</p>
        </sec>
        <sec id="spatial-spillover-modeling">
          <title>Spatial spillover modeling</title>
          <p>Our spatial spillover modeling builds upon the spatial Solow
      growth model developed by Ertur and Koch
      (<xref alt="2007" rid="ref-ertur2007growth" ref-type="bibr">2007</xref>)
      and Fischer
      (<xref alt="2011" rid="ref-fischer2011spatial" ref-type="bibr">2011</xref>),
      which extends the traditional Solow framework to account for
      technological interdependence across regions. The model considers
      an economy of <inline-formula><alternatives><tex-math><![CDATA[N]]></tex-math><mml:math xmlns:mml="http://www.w3.org/1998/Math/MathML" display="inline"><mml:mi>N</mml:mi></mml:math></alternatives></inline-formula>
      subnational regions, each characterized by a Cobb-Douglas
      production function with constant returns to scale:</p>
          <p>
            <styled-content id="eq-production">
              <disp-formula>
                <alternatives>
                  <tex-math><![CDATA[
      Y_{i t}=A_{i t} K_{i t}^{\alpha_{K}} H_{i t}^{\alpha_{H}} L_{i t}^{1-\alpha_{K} -\alpha_{H}}
       \qquad(3)]]></tex-math>
                  <mml:math xmlns:mml="http://www.w3.org/1998/Math/MathML" display="block">
                    <mml:mrow>
                      <mml:msub>
                        <mml:mi>Y</mml:mi>
                        <mml:mrow>
                          <mml:mi>i</mml:mi>
                          <mml:mi>t</mml:mi>
                        </mml:mrow>
                      </mml:msub>
                      <mml:mo>=</mml:mo>
                      <mml:msub>
                        <mml:mi>A</mml:mi>
                        <mml:mrow>
                          <mml:mi>i</mml:mi>
                          <mml:mi>t</mml:mi>
                        </mml:mrow>
                      </mml:msub>
                      <mml:msubsup>
                        <mml:mi>K</mml:mi>
                        <mml:mrow>
                          <mml:mi>i</mml:mi>
                          <mml:mi>t</mml:mi>
                        </mml:mrow>
                        <mml:msub>
                          <mml:mi>α</mml:mi>
                          <mml:mi>K</mml:mi>
                        </mml:msub>
                      </mml:msubsup>
                      <mml:msubsup>
                        <mml:mi>H</mml:mi>
                        <mml:mrow>
                          <mml:mi>i</mml:mi>
                          <mml:mi>t</mml:mi>
                        </mml:mrow>
                        <mml:msub>
                          <mml:mi>α</mml:mi>
                          <mml:mi>H</mml:mi>
                        </mml:msub>
                      </mml:msubsup>
                      <mml:msubsup>
                        <mml:mi>L</mml:mi>
                        <mml:mrow>
                          <mml:mi>i</mml:mi>
                          <mml:mi>t</mml:mi>
                        </mml:mrow>
                        <mml:mrow>
                          <mml:mn>1</mml:mn>
                          <mml:mo>−</mml:mo>
                          <mml:msub>
                            <mml:mi>α</mml:mi>
                            <mml:mi>K</mml:mi>
                          </mml:msub>
                          <mml:mo>−</mml:mo>
                          <mml:msub>
                            <mml:mi>α</mml:mi>
                            <mml:mi>H</mml:mi>
                          </mml:msub>
                        </mml:mrow>
                      </mml:msubsup>
                      <mml:mspace width="2.0em"/>
                      <mml:mrow>
                        <mml:mo stretchy="true" form="prefix">(</mml:mo>
                        <mml:mn>3</mml:mn>
                        <mml:mo stretchy="true" form="postfix">)</mml:mo>
                      </mml:mrow>
                    </mml:mrow>
                  </mml:math>
                </alternatives>
              </disp-formula>
            </styled-content>
          </p>
          <p>where <inline-formula><alternatives><tex-math><![CDATA[Y_{it}]]></tex-math><mml:math xmlns:mml="http://www.w3.org/1998/Math/MathML" display="inline"><mml:msub><mml:mi>Y</mml:mi><mml:mrow><mml:mi>i</mml:mi><mml:mi>t</mml:mi></mml:mrow></mml:msub></mml:math></alternatives></inline-formula>
      represents output, <inline-formula><alternatives><tex-math><![CDATA[K_{it}]]></tex-math><mml:math xmlns:mml="http://www.w3.org/1998/Math/MathML" display="inline"><mml:msub><mml:mi>K</mml:mi><mml:mrow><mml:mi>i</mml:mi><mml:mi>t</mml:mi></mml:mrow></mml:msub></mml:math></alternatives></inline-formula>
      physical capital, <inline-formula><alternatives><tex-math><![CDATA[H_{it}]]></tex-math><mml:math xmlns:mml="http://www.w3.org/1998/Math/MathML" display="inline"><mml:msub><mml:mi>H</mml:mi><mml:mrow><mml:mi>i</mml:mi><mml:mi>t</mml:mi></mml:mrow></mml:msub></mml:math></alternatives></inline-formula>
      human capital, <inline-formula><alternatives><tex-math><![CDATA[L_{it}]]></tex-math><mml:math xmlns:mml="http://www.w3.org/1998/Math/MathML" display="inline"><mml:msub><mml:mi>L</mml:mi><mml:mrow><mml:mi>i</mml:mi><mml:mi>t</mml:mi></mml:mrow></mml:msub></mml:math></alternatives></inline-formula>
      labor force, and <inline-formula><alternatives><tex-math><![CDATA[A_{it}]]></tex-math><mml:math xmlns:mml="http://www.w3.org/1998/Math/MathML" display="inline"><mml:msub><mml:mi>A</mml:mi><mml:mrow><mml:mi>i</mml:mi><mml:mi>t</mml:mi></mml:mrow></mml:msub></mml:math></alternatives></inline-formula>
      the level of technological knowledge for region
      <inline-formula><alternatives><tex-math><![CDATA[i]]></tex-math><mml:math xmlns:mml="http://www.w3.org/1998/Math/MathML" display="inline"><mml:mi>i</mml:mi></mml:math></alternatives></inline-formula>
      at time <inline-formula><alternatives><tex-math><![CDATA[t]]></tex-math><mml:math xmlns:mml="http://www.w3.org/1998/Math/MathML" display="inline"><mml:mi>t</mml:mi></mml:math></alternatives></inline-formula>.
      The parameters <inline-formula><alternatives><tex-math><![CDATA[\alpha_K]]></tex-math><mml:math xmlns:mml="http://www.w3.org/1998/Math/MathML" display="inline"><mml:msub><mml:mi>α</mml:mi><mml:mi>K</mml:mi></mml:msub></mml:math></alternatives></inline-formula>
      and <inline-formula><alternatives><tex-math><![CDATA[\alpha_H]]></tex-math><mml:math xmlns:mml="http://www.w3.org/1998/Math/MathML" display="inline"><mml:msub><mml:mi>α</mml:mi><mml:mi>H</mml:mi></mml:msub></mml:math></alternatives></inline-formula>
      denote the output elasticities with respect to physical and human
      capital, respectively. A key innovation of this framework is the
      modeling of technological knowledge, which incorporates both
      internal and external factors:</p>
          <p>
            <styled-content id="eq-technology">
              <disp-formula>
                <alternatives>
                  <tex-math><![CDATA[
      A_{i t}=\Omega_{t} k_{i t}^{\theta} h_{i t}^{\phi} \prod_{j \neq i}^{N} A_{j t}^{\rho W_{i j}}
       \qquad(4)]]></tex-math>
                  <mml:math xmlns:mml="http://www.w3.org/1998/Math/MathML" display="block">
                    <mml:mrow>
                      <mml:msub>
                        <mml:mi>A</mml:mi>
                        <mml:mrow>
                          <mml:mi>i</mml:mi>
                          <mml:mi>t</mml:mi>
                        </mml:mrow>
                      </mml:msub>
                      <mml:mo>=</mml:mo>
                      <mml:msub>
                        <mml:mi>Ω</mml:mi>
                        <mml:mi>t</mml:mi>
                      </mml:msub>
                      <mml:msubsup>
                        <mml:mi>k</mml:mi>
                        <mml:mrow>
                          <mml:mi>i</mml:mi>
                          <mml:mi>t</mml:mi>
                        </mml:mrow>
                        <mml:mi>θ</mml:mi>
                      </mml:msubsup>
                      <mml:msubsup>
                        <mml:mi>h</mml:mi>
                        <mml:mrow>
                          <mml:mi>i</mml:mi>
                          <mml:mi>t</mml:mi>
                        </mml:mrow>
                        <mml:mi>ϕ</mml:mi>
                      </mml:msubsup>
                      <mml:munderover>
                        <mml:mo>∏</mml:mo>
                        <mml:mrow>
                          <mml:mi>j</mml:mi>
                          <mml:mo>≠</mml:mo>
                          <mml:mi>i</mml:mi>
                        </mml:mrow>
                        <mml:mi>N</mml:mi>
                      </mml:munderover>
                      <mml:msubsup>
                        <mml:mi>A</mml:mi>
                        <mml:mrow>
                          <mml:mi>j</mml:mi>
                          <mml:mi>t</mml:mi>
                        </mml:mrow>
                        <mml:mrow>
                          <mml:mi>ρ</mml:mi>
                          <mml:msub>
                            <mml:mi>W</mml:mi>
                            <mml:mrow>
                              <mml:mi>i</mml:mi>
                              <mml:mi>j</mml:mi>
                            </mml:mrow>
                          </mml:msub>
                        </mml:mrow>
                      </mml:msubsup>
                      <mml:mspace width="2.0em"/>
                      <mml:mrow>
                        <mml:mo stretchy="true" form="prefix">(</mml:mo>
                        <mml:mn>4</mml:mn>
                        <mml:mo stretchy="true" form="postfix">)</mml:mo>
                      </mml:mrow>
                    </mml:mrow>
                  </mml:math>
                </alternatives>
              </disp-formula>
            </styled-content>
          </p>
          <p>This specification captures three distinct components of
      technological progress:</p>
          <list list-type="bullet">
            <list-item>
              <p>An exogenous component (<inline-formula><alternatives><tex-math><![CDATA[\Omega_t]]></tex-math><mml:math xmlns:mml="http://www.w3.org/1998/Math/MathML" display="inline"><mml:msub><mml:mi>Ω</mml:mi><mml:mi>t</mml:mi></mml:msub></mml:math></alternatives></inline-formula>)
          representing the common stock of knowledge across regions</p>
            </list-item>
            <list-item>
              <p>An embodied component (<inline-formula><alternatives><tex-math><![CDATA[k_{i t}^{\theta} h_{i t}^{\phi}]]></tex-math><mml:math xmlns:mml="http://www.w3.org/1998/Math/MathML" display="inline"><mml:mrow><mml:msubsup><mml:mi>k</mml:mi><mml:mrow><mml:mi>i</mml:mi><mml:mi>t</mml:mi></mml:mrow><mml:mi>θ</mml:mi></mml:msubsup><mml:msubsup><mml:mi>h</mml:mi><mml:mrow><mml:mi>i</mml:mi><mml:mi>t</mml:mi></mml:mrow><mml:mi>ϕ</mml:mi></mml:msubsup></mml:mrow></mml:math></alternatives></inline-formula>)
          reflecting technology embedded in physical and human capital
          per worker</p>
            </list-item>
            <list-item>
              <p>A spatial component (<inline-formula><alternatives><tex-math><![CDATA[\prod_{j \neq i}^{N} A_{j t}^{\rho W_{i j}}]]></tex-math><mml:math xmlns:mml="http://www.w3.org/1998/Math/MathML" display="inline"><mml:mrow><mml:msubsup><mml:mo>∏</mml:mo><mml:mrow><mml:mi>j</mml:mi><mml:mo>≠</mml:mo><mml:mi>i</mml:mi></mml:mrow><mml:mi>N</mml:mi></mml:msubsup><mml:msubsup><mml:mi>A</mml:mi><mml:mrow><mml:mi>j</mml:mi><mml:mi>t</mml:mi></mml:mrow><mml:mrow><mml:mi>ρ</mml:mi><mml:msub><mml:mi>W</mml:mi><mml:mrow><mml:mi>i</mml:mi><mml:mi>j</mml:mi></mml:mrow></mml:msub></mml:mrow></mml:msubsup></mml:mrow></mml:math></alternatives></inline-formula>)
          capturing technological interdependence between regions</p>
            </list-item>
          </list>
          <p>Based on this theoretical framework, Ertur and Koch
      (<xref alt="2007" rid="ref-ertur2007growth" ref-type="bibr">2007</xref>)
      derived a spatial panel Durbin model that for regional spillovers
      across economies. Their model can be compactly written in matrix
      notation as:</p>
          <p>
            <styled-content id="eq-matrix_form">
              <disp-formula>
                <alternatives>
                  <tex-math><![CDATA[
      \boldsymbol{g_t} =  \beta_1 \boldsymbol{x_{t-1}} + \boldsymbol{X_t} \boldsymbol{\alpha} + \beta_2 \boldsymbol{W} \boldsymbol{x_{t-1}} + \boldsymbol{W} \boldsymbol{X_t} \boldsymbol{\gamma} + \lambda \boldsymbol{W} \boldsymbol{g_t}  + \boldsymbol{\varepsilon_t}
       \qquad(5)]]></tex-math>
                  <mml:math xmlns:mml="http://www.w3.org/1998/Math/MathML" display="block">
                    <mml:mrow>
                      <mml:msub>
                        <mml:mi>𝐠</mml:mi>
                        <mml:mi>𝐭</mml:mi>
                      </mml:msub>
                      <mml:mo>=</mml:mo>
                      <mml:msub>
                        <mml:mi>β</mml:mi>
                        <mml:mn>1</mml:mn>
                      </mml:msub>
                      <mml:msub>
                        <mml:mi>𝐱</mml:mi>
                        <mml:mrow>
                          <mml:mi>𝐭</mml:mi>
                          <mml:mo mathvariant="bold">−</mml:mo>
                          <mml:mn>𝟏</mml:mn>
                        </mml:mrow>
                      </mml:msub>
                      <mml:mo>+</mml:mo>
                      <mml:msub>
                        <mml:mi>𝐗</mml:mi>
                        <mml:mi>𝐭</mml:mi>
                      </mml:msub>
                      <mml:mi>𝛂</mml:mi>
                      <mml:mo>+</mml:mo>
                      <mml:msub>
                        <mml:mi>β</mml:mi>
                        <mml:mn>2</mml:mn>
                      </mml:msub>
                      <mml:mi>𝐖</mml:mi>
                      <mml:msub>
                        <mml:mi>𝐱</mml:mi>
                        <mml:mrow>
                          <mml:mi>𝐭</mml:mi>
                          <mml:mo mathvariant="bold">−</mml:mo>
                          <mml:mn>𝟏</mml:mn>
                        </mml:mrow>
                      </mml:msub>
                      <mml:mo>+</mml:mo>
                      <mml:mi>𝐖</mml:mi>
                      <mml:msub>
                        <mml:mi>𝐗</mml:mi>
                        <mml:mi>𝐭</mml:mi>
                      </mml:msub>
                      <mml:mi>𝛄</mml:mi>
                      <mml:mo>+</mml:mo>
                      <mml:mi>λ</mml:mi>
                      <mml:mi>𝐖</mml:mi>
                      <mml:msub>
                        <mml:mi>𝐠</mml:mi>
                        <mml:mi>𝐭</mml:mi>
                      </mml:msub>
                      <mml:mo>+</mml:mo>
                      <mml:msub>
                        <mml:mi>𝛆</mml:mi>
                        <mml:mi>𝐭</mml:mi>
                      </mml:msub>
                      <mml:mspace width="2.0em"/>
                      <mml:mrow>
                        <mml:mo stretchy="true" form="prefix">(</mml:mo>
                        <mml:mn>5</mml:mn>
                        <mml:mo stretchy="true" form="postfix">)</mml:mo>
                      </mml:mrow>
                    </mml:mrow>
                  </mml:math>
                </alternatives>
              </disp-formula>
            </styled-content>
          </p>
          <p>In this model, <inline-formula><alternatives><tex-math><![CDATA[\boldsymbol{g_t}]]></tex-math><mml:math xmlns:mml="http://www.w3.org/1998/Math/MathML" display="inline"><mml:msub><mml:mi>𝐠</mml:mi><mml:mi>𝐭</mml:mi></mml:msub></mml:math></alternatives></inline-formula>
      represents an <inline-formula><alternatives><tex-math><![CDATA[N\text{-by-}1]]></tex-math><mml:math xmlns:mml="http://www.w3.org/1998/Math/MathML" display="inline"><mml:mrow><mml:mi>N</mml:mi><mml:mtext mathvariant="normal">-by-</mml:mtext><mml:mn>1</mml:mn></mml:mrow></mml:math></alternatives></inline-formula>
      vector of observations on NTL growth for each of the
      <inline-formula><alternatives><tex-math><![CDATA[N]]></tex-math><mml:math xmlns:mml="http://www.w3.org/1998/Math/MathML" display="inline"><mml:mi>N</mml:mi></mml:math></alternatives></inline-formula>
      regions over the period <inline-formula><alternatives><tex-math><![CDATA[t]]></tex-math><mml:math xmlns:mml="http://www.w3.org/1998/Math/MathML" display="inline"><mml:mi>t</mml:mi></mml:math></alternatives></inline-formula>
      and <inline-formula><alternatives><tex-math><![CDATA[\boldsymbol{x_{t-1}}]]></tex-math><mml:math xmlns:mml="http://www.w3.org/1998/Math/MathML" display="inline"><mml:msub><mml:mi>𝐱</mml:mi><mml:mrow><mml:mi>𝐭</mml:mi><mml:mo mathvariant="bold">−</mml:mo><mml:mn>𝟏</mml:mn></mml:mrow></mml:msub></mml:math></alternatives></inline-formula>
      represents an <inline-formula><alternatives><tex-math><![CDATA[N\text{-by-}1]]></tex-math><mml:math xmlns:mml="http://www.w3.org/1998/Math/MathML" display="inline"><mml:mrow><mml:mi>N</mml:mi><mml:mtext mathvariant="normal">-by-</mml:mtext><mml:mn>1</mml:mn></mml:mrow></mml:math></alternatives></inline-formula>
      vector of observations on the initial (log) level of NTL. The
      scalar <inline-formula><alternatives><tex-math><![CDATA[\beta_1]]></tex-math><mml:math xmlns:mml="http://www.w3.org/1998/Math/MathML" display="inline"><mml:msub><mml:mi>β</mml:mi><mml:mn>1</mml:mn></mml:msub></mml:math></alternatives></inline-formula>
      is a regression coefficient that indicates the direction and
      strength of regional convergence. The matrix
      <inline-formula><alternatives><tex-math><![CDATA[\boldsymbol{X_t}]]></tex-math><mml:math xmlns:mml="http://www.w3.org/1998/Math/MathML" display="inline"><mml:msub><mml:mi>𝐗</mml:mi><mml:mi>𝐭</mml:mi></mml:msub></mml:math></alternatives></inline-formula>
      is a <inline-formula><alternatives><tex-math><![CDATA[N\text{-by-}k]]></tex-math><mml:math xmlns:mml="http://www.w3.org/1998/Math/MathML" display="inline"><mml:mrow><mml:mi>N</mml:mi><mml:mtext mathvariant="normal">-by-</mml:mtext><mml:mi>k</mml:mi></mml:mrow></mml:math></alternatives></inline-formula>
      collection of observations on control variables for each region.
      The vector <inline-formula><alternatives><tex-math><![CDATA[\boldsymbol{\alpha}]]></tex-math><mml:math xmlns:mml="http://www.w3.org/1998/Math/MathML" display="inline"><mml:mi>𝛂</mml:mi></mml:math></alternatives></inline-formula>,
      with dimensions <inline-formula><alternatives><tex-math><![CDATA[k \times 1]]></tex-math><mml:math xmlns:mml="http://www.w3.org/1998/Math/MathML" display="inline"><mml:mrow><mml:mi>k</mml:mi><mml:mo>×</mml:mo><mml:mn>1</mml:mn></mml:mrow></mml:math></alternatives></inline-formula>,
      captures the regression coefficients for these variables.
      Additionally, <inline-formula><alternatives><tex-math><![CDATA[\boldsymbol{WX_t}]]></tex-math><mml:math xmlns:mml="http://www.w3.org/1998/Math/MathML" display="inline"><mml:mrow><mml:mi>𝐖</mml:mi><mml:msub><mml:mi>𝐗</mml:mi><mml:mi>𝐭</mml:mi></mml:msub></mml:mrow></mml:math></alternatives></inline-formula>
      denotes a <inline-formula><alternatives><tex-math><![CDATA[N \times k]]></tex-math><mml:math xmlns:mml="http://www.w3.org/1998/Math/MathML" display="inline"><mml:mrow><mml:mi>N</mml:mi><mml:mo>×</mml:mo><mml:mi>k</mml:mi></mml:mrow></mml:math></alternatives></inline-formula>
      matrix of spatially lagged observations, composed of a linear
      combination of neighboring values for the variables of interest in
      each region. The vector <inline-formula><alternatives><tex-math><![CDATA[\boldsymbol{\gamma}]]></tex-math><mml:math xmlns:mml="http://www.w3.org/1998/Math/MathML" display="inline"><mml:mi>𝛄</mml:mi></mml:math></alternatives></inline-formula>
      represents the regression coefficients associated with these
      spatial lags. The terms <inline-formula><alternatives><tex-math><![CDATA[\boldsymbol{W} \boldsymbol{x_{t-1}}]]></tex-math><mml:math xmlns:mml="http://www.w3.org/1998/Math/MathML" display="inline"><mml:mrow><mml:mi>𝐖</mml:mi><mml:msub><mml:mi>𝐱</mml:mi><mml:mrow><mml:mi>𝐭</mml:mi><mml:mo mathvariant="bold">−</mml:mo><mml:mn>𝟏</mml:mn></mml:mrow></mml:msub></mml:mrow></mml:math></alternatives></inline-formula>
      and <inline-formula><alternatives><tex-math><![CDATA[\boldsymbol{W} \boldsymbol{g_t}]]></tex-math><mml:math xmlns:mml="http://www.w3.org/1998/Math/MathML" display="inline"><mml:mrow><mml:mi>𝐖</mml:mi><mml:msub><mml:mi>𝐠</mml:mi><mml:mi>𝐭</mml:mi></mml:msub></mml:mrow></mml:math></alternatives></inline-formula>
      refer to <inline-formula><alternatives><tex-math><![CDATA[N\text{-by-}1]]></tex-math><mml:math xmlns:mml="http://www.w3.org/1998/Math/MathML" display="inline"><mml:mrow><mml:mi>N</mml:mi><mml:mtext mathvariant="normal">-by-</mml:mtext><mml:mn>1</mml:mn></mml:mrow></mml:math></alternatives></inline-formula>
      vectors capturing the spatial lags of initial (log) level of NTL,
      and the NTL growth, respectively. Finally,
      <inline-formula><alternatives><tex-math><![CDATA[\boldsymbol{\varepsilon_t}]]></tex-math><mml:math xmlns:mml="http://www.w3.org/1998/Math/MathML" display="inline"><mml:msub><mml:mi>𝛆</mml:mi><mml:mi>𝐭</mml:mi></mml:msub></mml:math></alternatives></inline-formula>
      represents a vector of idiosyncratic error terms.</p>
        </sec>
      </sec>
    </sec>
    <sec id="results-replication-and-extensions">
      <title>Results: Replication and extensions</title>
      <sec id="regional-convergence-an-interactive-exploration-from-outer-space">
        <title>Regional convergence: An interactive exploration from outer
    space</title>
        <p>Before presenting the regression results, we conducted three
    exercises to visually illustrate the concepts of growth and
    convergence in nightlights. Firstly, we created an interactive map
    of India displaying regional luminosity levels for 1996 and
    2010.<xref ref-type="fn" rid="fn2">2</xref> Secondly, we examine
    absolute convergence by constructing a scatterplot that depicts the
    relationship between per capita growth rates in nightlights
    (1996–2010) and the initial per capita nightlight levels (1996) at
    the district level. Finally, we used case studies to emphasize the
    nightlight growth that occurred during our study period. Focusing on
    some of the poorest regions in the country, we demonstrate an
    increase in nighttime lights that aligns with our convergence
    hypothesis.</p>
        <fig id="fig-map">
          <caption>
            <p>Figure 1: Regional luminosity in India: 1996 vs 2010
      Notes: The unit of measurement for Nighttime Light (NTL)
      luminosity TBA. Interactive web application available at
      https://bit.ly/india-rc-ntl . Source: Pre-processed luminosity
      images are from the Earth Observation Group TBA.</p>
          </caption>
          <graphic mimetype="image" mime-subtype="png" xlink:href="images/luminosity_map.png"/>
        </fig>
        <p>Figure 1 presents static maps (captured from our interactive
    maps) of luminosity for our boundary years (1996 and 2010), using
    the same index scale for comparison. The maps show a noticeable
    increase in brightness across most parts of the country in 2010.
    Since nightlights serve as a proxy for economic activity, this
    increase in luminosity reflects economic growth over the period.
    Figure 2 illustrates the relationship between per capita growth in
    nightlights and initial per capita nightlight levels. The scatter
    plot reveals a clear inverse relationship, indicating a
    <inline-formula><alternatives><tex-math><![CDATA[\beta]]></tex-math><mml:math xmlns:mml="http://www.w3.org/1998/Math/MathML" display="inline"><mml:mi>β</mml:mi></mml:math></alternatives></inline-formula>-convergence
    rate of 2% consistent with Barro’s “Iron Law” of convergence.</p>
        <fig id="fig-map2">
          <caption>
            <p>Figure 2: Some illustrative examples of regional
      convergence Notes: The unit of measurement for Nighttime Light
      (NTL) luminosity TBA. Interactive web application available at
      https://bit.ly/india-rc-ntl . Source: Pre-processed luminosity
      images are from the Earth Observation Group TBA.</p>
          </caption>
          <graphic mimetype="image" mime-subtype="png" xlink:href="images/luminosity_map2.png"/>
        </fig>
        <p>Next, we examine case studies of three economically disadvantaged
    states in India to illustrate their growth patterns over the study
    period. Among these, Bihar is the poorest, with a per capita income
    at 39.2% of the national average, while Uttar Pradesh and
    Chhattisgarh have per capita incomes of 43.8% and 52.3% of the
    national average,
    respectively.<xref ref-type="fn" rid="fn3">3</xref> Figure 3
    displays the change in luminosity in these three states during our
    study period. Although these states remain among the poorest, there
    is a noticeable increase in luminosity over the course of the
    study.</p>
        <fig id="fig-convergence">
          <caption>
            <p>Figure 3: Regional luminosity convergence across
      districts in India</p>
          </caption>
          <graphic mimetype="image" mime-subtype="png" xlink:href="index_files/figure-jats/notebooks-scatterplots-fig-convergence-output-2.png"/>
        </fig>
      </sec>
      <sec id="spatial-dependence-is-a-feature-of-the-convergence-process">
        <title>Spatial dependence is a feature of the convergence
    process</title>
        <p>In this study, the spatial lag terms of luminosity per capita
    growth and initial luminosity per capita are computed by applying
    the Queen contiguity weight matrix. FigureX visually presents the
    relationship between local luminosity per capita growth rate and
    initial luminosity per capita and its spatial lag term,
    respectively. The strong positive spatial correlations observed
    between the variables and their neighboring regions suggest that
    regional convergence is not an isolated phenomenon, but rather a
    process intrinsically shaped by the influence of adjacent regions.
    The Moran’s I values of 0.644 and 0.739 for the variables, coupled
    with a statistically significant spatial autocorrelation in the
    error term, underscore the critical importance of spatial dependence
    in convergence research. These findings demonstrate that spatial
    interactions profoundly influence the convergence process, rendering
    it imperative to incorporate spatial effects in empirical
    analyses.</p>
        <fig id="fig-dependence-combined">
          <caption>
            <p>Figure 4: Spatial dependence in the growth rate and
      initial level of luminosity</p>
          </caption>
          <graphic mimetype="image" mime-subtype="png" xlink:href="index_files/figure-jats/notebooks-dependence-fig-dependence-combined-output-2.png"/>
        </fig>
      </sec>
      <sec id="spatial-spillovers-accelerate-regional-convergence">
        <title>Spatial spillovers accelerate regional convergence</title>
        <p>The regression results of TableX provide evidence of both
    unconditional and conditional convergence across districts in India,
    with both conventional OLS and spatial econometric approaches
    indicating significant negative relationships between initial
    luminosity levels and subsequent growth rates. The direct effects,
    representing within-district convergence, remain remarkably stable
    across specifications, ranging from -0.020 to -0.026. This
    consistency across different model specifications and estimation
    methods provides evidence that poorer districts are indeed catching
    up to their wealthier counterparts, even after controlling for
    various district characteristics and state-level fixed effects.</p>
        <fig id="tbl-models">
          <caption>
            <p>Table 1: Unconditional and conditional convergence
      across districts</p>
          </caption>
          <table-wrap>
            <table>
              <colgroup>
                <col width="4%"/>
                <col width="12%"/>
                <col width="12%"/>
                <col width="12%"/>
                <col width="12%"/>
                <col width="12%"/>
                <col width="12%"/>
                <col width="12%"/>
                <col width="12%"/>
              </colgroup>
              <thead>
                <tr>
                  <th>Effect</th>
                  <th>OLS</th>
                  <th>SDM</th>
                  <th>OLS</th>
                  <th>SDM</th>
                  <th>OLS</th>
                  <th>SDM</th>
                  <th>OLS</th>
                  <th>SDM</th>
                </tr>
              </thead>
              <tbody>
                <tr>
                  <td>Direct</td>
                  <td>-0.020***(0.002)</td>
                  <td>-0.020***(0.002)</td>
                  <td>-0.022***(0.003)</td>
                  <td>-0.021***(0.002)</td>
                  <td>-0.025***(0.003)</td>
                  <td>-0.026***(0.002)</td>
                  <td>-0.025***(0.003)</td>
                  <td>-0.025***(0.002)</td>
                </tr>
                <tr>
                  <td>Indirect</td>
                  <td>–</td>
                  <td>-0.002(0.004)</td>
                  <td>–</td>
                  <td>-0.008(0.006)</td>
                  <td>–</td>
                  <td>-0.008(0.006)</td>
                  <td>–</td>
                  <td>-0.009*(0.005)</td>
                </tr>
                <tr>
                  <td>Total</td>
                  <td>-0.020***(0.002)</td>
                  <td>-0.022***(0.005)</td>
                  <td>-0.022***(0.003)</td>
                  <td>-0.029***(0.007)</td>
                  <td>-0.025***(0.003)</td>
                  <td>-0.034***(0.007)</td>
                  <td>-0.025***(0.003)</td>
                  <td>-0.034***(0.005)</td>
                </tr>
                <tr>
                  <td>Controls</td>
                  <td>No</td>
                  <td>No</td>
                  <td>No</td>
                  <td>No</td>
                  <td>Yes</td>
                  <td>Yes</td>
                  <td>Yes</td>
                  <td>Yes</td>
                </tr>
                <tr>
                  <td>State FE</td>
                  <td>No</td>
                  <td>No</td>
                  <td>Yes</td>
                  <td>Yes</td>
                  <td>No</td>
                  <td>No</td>
                  <td>Yes</td>
                  <td>Yes</td>
                </tr>
                <tr>
                  <td>AIC</td>
                  <td>-1945</td>
                  <td>-2278</td>
                  <td>-2413</td>
                  <td>-2457</td>
                  <td>-2211</td>
                  <td>-2345</td>
                  <td>-2469</td>
                  <td>-2462</td>
                </tr>
              </tbody>
            </table>
          </table-wrap>
        </fig>
        <p>Importantly, the spatial Durbin model uncovers significant
    spatial spillover effects that are masked in traditional OLS
    estimations. These indirect effects, which capture the influence of
    neighboring districts’ initial conditions on a district’s growth
    rate, become increasingly prominent and statistically significant as
    we add controls and state fixed effects to our specifications. In
    our most comprehensive model, we find a significant indirect effect
    of -0.009, suggesting that a district’s growth trajectory is
    meaningfully influenced by the initial economic conditions of its
    neighbors. This finding highlights the importance of geographical
    proximity and spatial interactions in the convergence process.</p>
        <p>The total impact of initial conditions on growth, combining both
    direct and spillover effects, is substantially larger when we
    account for spatial dependence. In our fully specified model, the
    total convergence effect in the spatial Durbin model (-0.034) is
    approximately 36% larger than the OLS estimate (-0.025). This
    difference, supported by better model fit statistics, indicates that
    conventional non-spatial approaches may significantly underestimate
    the speed of regional convergence by failing to capture the
    additional convergence channels created through spatial spillovers.
    These results emphasize that regional convergence in India operates
    not only through district-specific factors but also through
    significant spatial interactions between neighboring districts.</p>
      </sec>
    </sec>
    <sec id="concluding-remarks">
      <title>Concluding remarks</title>
      <p>This article examines regional convergence patterns across Indian
  districts using satellite nighttime light data, interactive
  visualizations, and spatial econometric modeling. Expanding on the
  work of Chanda and Kabiraj
  (<xref alt="2020" rid="ref-chanda2020" ref-type="bibr">2020</xref>),
  we developed an interactive web-based visualization tool that
  illustrates spatial and convergence patterns across Indian districts.
  Spatial autocorrelation tests confirm that spatial dependence is a
  fundamental characteristic of satellite data and the regional
  convergence process in India. Estimates from our spatial Durbin model
  indicate that incorporating spatial spillovers significantly increases
  the estimated speed of regional convergence. The total convergence
  effect in our fully specified model is approximately 36% larger than
  conventional non-spatial estimates of Chanda and Kabiraj
  (<xref alt="2020" rid="ref-chanda2020" ref-type="bibr">2020</xref>).
  This finding implies that non-spatial convergence models may
  considerably underestimate the speed of regional convergence.
  Additionally, it suggests that place-based development interventions
  may have broader impacts, as their benefits can extend to neighboring
  districts through spatial spillover effects.</p>
      <p>These results have important implications for both research
  methodology and policy design in developing countries. From a
  methodological perspective, they highlight the value of combining new
  data sources, interactive geospatial visualization tools, and spatial
  econometric methods to better understand regional economic dynamics.
  From a policy standpoint, they suggest that regional convergence
  operates not just through district-specific factors, but through
  complex spatial interactions that create additional channels for
  catch-up growth. This spatial perspective is crucial for the analysis
  and design of policies aimed at reducing regional inequalities in
  developing countries.</p>
    </sec>
  </body>
  <back>
    <ref-list>
      <title/>
      <ref id="ref-chanda.cookJoM2022">
        <element-citation publication-type="article-journal">
          <person-group person-group-type="author">
            <name>
              <surname>Chanda</surname>
              <given-names>Areendam</given-names>
            </name>
            <name>
              <surname>Cook</surname>
              <given-names>C. Justin</given-names>
            </name>
          </person-group>
          <article-title>Was India’s demonetization redistributive? Insights from satellites and surveys</article-title>
          <source>Journal of Macroeconomics</source>
          <publisher-name>Elsevier BV</publisher-name>
          <year iso-8601-date="2022-09">2022</year>
          <month>09</month>
          <volume>73</volume>
          <issn>0164-0704</issn>
          <pub-id pub-id-type="doi">10.1016/j.jmacro.2022.103438</pub-id>
          <fpage>103438</fpage>
          <lpage/>
        </element-citation>
      </ref>
      <ref id="ref-cook.shahTRoEaS2022">
        <element-citation publication-type="article-journal">
          <person-group person-group-type="author">
            <name>
              <surname>Cook</surname>
              <given-names>C. Justin</given-names>
            </name>
            <name>
              <surname>Shah</surname>
              <given-names>Manisha</given-names>
            </name>
          </person-group>
          <article-title>Aggregate effects from public works: Evidence from India</article-title>
          <source>The Review of Economics and Statistics</source>
          <publisher-name>MIT Press - Journals</publisher-name>
          <year iso-8601-date="2022-07">2022</year>
          <month>07</month>
          <volume>104</volume>
          <issue>4</issue>
          <issn>1530-9142</issn>
          <pub-id pub-id-type="doi">10.1162/rest_a_00993</pub-id>
          <fpage>797</fpage>
          <lpage>806</lpage>
        </element-citation>
      </ref>
      <ref id="ref-adhikari.dhitalEI2021">
        <element-citation publication-type="article-journal">
          <person-group person-group-type="author">
            <name>
              <surname>Adhikari</surname>
              <given-names>Bibek</given-names>
            </name>
            <name>
              <surname>Dhital</surname>
              <given-names>Saroj</given-names>
            </name>
          </person-group>
          <article-title>Decentralization and regional convergence: Evidence from night-time lights data</article-title>
          <source>Economic Inquiry</source>
          <year iso-8601-date="2021">2021</year>
          <volume>59</volume>
          <issue>3</issue>
          <uri>https://onlinelibrary.wiley.com/doi/abs/10.1111/ecin.12967</uri>
          <pub-id pub-id-type="doi">https://doi.org/10.1111/ecin.12967</pub-id>
          <fpage>1066</fpage>
          <lpage>1088</lpage>
        </element-citation>
      </ref>
      <ref id="ref-asher2016market">
        <element-citation publication-type="article-journal">
          <person-group person-group-type="author">
            <name>
              <surname>Asher</surname>
              <given-names>Sam</given-names>
            </name>
            <name>
              <surname>Novosad</surname>
              <given-names>Paul</given-names>
            </name>
          </person-group>
          <article-title>Market access and structural transformation: Evidence from rural roads in India</article-title>
          <source>Job Market Paper January</source>
          <year iso-8601-date="2016">2016</year>
          <volume>11</volume>
          <fpage>2016</fpage>
          <lpage/>
        </element-citation>
      </ref>
      <ref id="ref-jha.talathiEDaCC2023">
        <element-citation publication-type="article-journal">
          <person-group person-group-type="author">
            <name>
              <surname>Jha</surname>
              <given-names>Priyaranjan</given-names>
            </name>
            <name>
              <surname>Talathi</surname>
              <given-names>Karan</given-names>
            </name>
          </person-group>
          <article-title>Impact of colonial institutions on economic growth and development in India: Evidence from night lights data</article-title>
          <source>Economic Development and Cultural Change</source>
          <publisher-name>University of Chicago Press</publisher-name>
          <year iso-8601-date="2023-03">2023</year>
          <month>03</month>
          <volume>72</volume>
          <issue>4</issue>
          <issn>1539-2988</issn>
          <uri>https://doi.org/10.1086/725058</uri>
          <pub-id pub-id-type="doi">10.1086/725058</pub-id>
          <fpage>1653</fpage>
          <lpage>1708</lpage>
        </element-citation>
      </ref>
      <ref id="ref-beyer.etalWD2021">
        <element-citation publication-type="article-journal">
          <person-group person-group-type="author">
            <name>
              <surname>Beyer</surname>
              <given-names>Robert CM</given-names>
            </name>
            <name>
              <surname>Franco-Bedoya</surname>
              <given-names>Sebastian</given-names>
            </name>
            <name>
              <surname>Galdo</surname>
              <given-names>Virgilio</given-names>
            </name>
          </person-group>
          <article-title>Examining the economic impact of COVID-19 in india through daily electricity consumption and nighttime light intensity</article-title>
          <source>World Development</source>
          <publisher-name>Elsevier</publisher-name>
          <year iso-8601-date="2021">2021</year>
          <volume>140</volume>
          <fpage>105287</fpage>
          <lpage/>
        </element-citation>
      </ref>
      <ref id="ref-gennaioli2014growth">
        <element-citation publication-type="article-journal">
          <person-group person-group-type="author">
            <name>
              <surname>Gennaioli</surname>
              <given-names>Nicola</given-names>
            </name>
            <name>
              <surname>La Porta</surname>
              <given-names>Rafael</given-names>
            </name>
            <name>
              <surname>De Silanes</surname>
              <given-names>Florencio Lopez</given-names>
            </name>
            <name>
              <surname>Shleifer</surname>
              <given-names>Andrei</given-names>
            </name>
          </person-group>
          <article-title>Growth in regions</article-title>
          <source>Journal of Economic growth</source>
          <publisher-name>Springer</publisher-name>
          <year iso-8601-date="2014">2014</year>
          <volume>19</volume>
          <issue>3</issue>
          <fpage>259</fpage>
          <lpage>309</lpage>
        </element-citation>
      </ref>
      <ref id="ref-pinkovskiy2016newer">
        <element-citation publication-type="article-journal">
          <person-group person-group-type="author">
            <name>
              <surname>Pinkovskiy</surname>
              <given-names>Maxim</given-names>
            </name>
            <name>
              <surname>Sala-i-Martin</surname>
              <given-names>Xavier</given-names>
            </name>
          </person-group>
          <article-title>Lights, camera … income! Illuminating the national accounts-household surveys debate</article-title>
          <source>The Quarterly Journal of Economics</source>
          <year iso-8601-date="2016">2016</year>
          <volume>131</volume>
          <issue>2</issue>
          <pub-id pub-id-type="doi">10.1093/qje/qjw003</pub-id>
          <fpage>579</fpage>
          <lpage>631</lpage>
        </element-citation>
      </ref>
      <ref id="ref-chakravarty2017will">
        <element-citation publication-type="article-journal">
          <person-group person-group-type="author">
            <name>
              <surname>Chakravarty</surname>
              <given-names>Praveen</given-names>
            </name>
            <name>
              <surname>Dehejia</surname>
              <given-names>Vivek</given-names>
            </name>
          </person-group>
          <article-title>Will GST exacerbate regional divergence</article-title>
          <source>Economic and Political Weekly</source>
          <year iso-8601-date="2017">2017</year>
          <volume>52</volume>
          <issue>25&amp;26</issue>
          <fpage>97</fpage>
          <lpage>101</lpage>
        </element-citation>
      </ref>
      <ref id="ref-lessmann2017">
        <element-citation publication-type="article-journal">
          <person-group person-group-type="author">
            <name>
              <surname>Lessmann</surname>
              <given-names>Christian</given-names>
            </name>
            <name>
              <surname>Seidel</surname>
              <given-names>André</given-names>
            </name>
          </person-group>
          <article-title>Regional inequality, convergence, and its determinants–a view from outer space</article-title>
          <source>European Economic Review</source>
          <publisher-name>Elsevier</publisher-name>
          <year iso-8601-date="2017">2017</year>
          <volume>92</volume>
          <fpage>110</fpage>
          <lpage>132</lpage>
        </element-citation>
      </ref>
      <ref id="ref-henderson2012">
        <element-citation publication-type="article-journal">
          <person-group person-group-type="author">
            <name>
              <surname>Henderson</surname>
              <given-names>J Vernon</given-names>
            </name>
            <name>
              <surname>Storeygard</surname>
              <given-names>Adam</given-names>
            </name>
            <name>
              <surname>Weil</surname>
              <given-names>David N</given-names>
            </name>
          </person-group>
          <article-title>Measuring economic growth from outer space</article-title>
          <source>American economic review</source>
          <year iso-8601-date="2012">2012</year>
          <volume>102</volume>
          <issue>2</issue>
          <fpage>994</fpage>
          <lpage>1028</lpage>
        </element-citation>
      </ref>
      <ref id="ref-chanda2020">
        <element-citation publication-type="article-journal">
          <person-group person-group-type="author">
            <name>
              <surname>Chanda</surname>
              <given-names>Areendam</given-names>
            </name>
            <name>
              <surname>Kabiraj</surname>
              <given-names>Sujana</given-names>
            </name>
          </person-group>
          <article-title>Shedding light on regional growth and convergence in india</article-title>
          <source>World Development</source>
          <publisher-name>Elsevier</publisher-name>
          <year iso-8601-date="2020">2020</year>
          <volume>133</volume>
          <fpage>104961</fpage>
          <lpage/>
        </element-citation>
      </ref>
      <ref id="ref-fischer2011spatial">
        <element-citation publication-type="article-journal">
          <person-group person-group-type="author">
            <name>
              <surname>Fischer</surname>
              <given-names>Manfred M</given-names>
            </name>
          </person-group>
          <article-title>A spatial mankiw–romer–weil model: Theory and evidence</article-title>
          <source>The Annals of Regional Science</source>
          <publisher-name>Springer</publisher-name>
          <year iso-8601-date="2011">2011</year>
          <volume>47</volume>
          <issue>2</issue>
          <fpage>419</fpage>
          <lpage>436</lpage>
        </element-citation>
      </ref>
      <ref id="ref-ertur2007growth">
        <element-citation publication-type="article-journal">
          <person-group person-group-type="author">
            <name>
              <surname>Ertur</surname>
              <given-names>Cem</given-names>
            </name>
            <name>
              <surname>Koch</surname>
              <given-names>Wilfried</given-names>
            </name>
          </person-group>
          <article-title>Growth, technological interdependence and spatial externalities: Theory and evidence</article-title>
          <source>Journal of applied econometrics</source>
          <publisher-name>Wiley Online Library</publisher-name>
          <year iso-8601-date="2007">2007</year>
          <volume>22</volume>
          <issue>6</issue>
          <fpage>1033</fpage>
          <lpage>1062</lpage>
        </element-citation>
      </ref>
    </ref-list>
    <fn-group>
      <fn id="fn1">
        <label>1</label>
        <p>Following Chanda and Kabiraj
    (<xref alt="2020" rid="ref-chanda2020" ref-type="bibr">2020</xref>),
    our sample consists of 520 districts (out of a possible 593). There
    were 593 districts in 2001, which rose to 640 districts in the 2011
    census. To match the districts among two census files, we summed up
    the curved-out districts with their origin districts in the 2011
    census files. Eight districts among 47 new districts were created by
    curving out some areas from multiple districts. Those new districts
    along with their multiple-origin districts were dropped from our
    sample. We dropped all the districts in the state of Assam where
    more than 50% of districts were created in that manner.</p>
      </fn>
      <fn id="fn2">
        <label>2</label>
        <p>The Interactive web application is available at
    <ext-link ext-link-type="uri" xlink:href="https://bit.ly/india-rc-ntl">https://bit.ly/india-rc-ntl</ext-link>.</p>
      </fn>
      <fn id="fn3">
        <label>3</label>
        <p>The data is taken from a report by the Economic
    Advisory Council to the Prime Minister (EAC-PM), released on
    September 18, 2024.</p>
      </fn>
    </fn-group>
  </back>
  <!-- (F2ED4C6E)[nb-1]:/Users/carlosmendez/Documents/GitHub/project2025s/notebooks/code_models.ipynb -->
  <!-- (F2ED4C6E)[nb-2]:/Users/carlosmendez/Documents/GitHub/project2025s/notebooks/gee_app.qmd -->
  <!-- (F2ED4C6E)[nb-3]:/Users/carlosmendez/Documents/GitHub/project2025s/notebooks/code_scatterplots.ipynb -->
  <!-- (F2ED4C6E)[nb-4]:/Users/carlosmendez/Documents/GitHub/project2025s/notebooks/scatterplots.qmd -->
  <!-- (F2ED4C6E)[nb-5]:/Users/carlosmendez/Documents/GitHub/project2025s/notebooks/dependence.qmd -->
</article>
